B94 ,Russia , Semi,Auto Rifle , 12.7 × 108 mm,
Baby Nambu ,Japan , Pistol , 7 mm,,
Bacon Arms C. Pepperbox Revolver ,Revolver,,,,
Baikal MCM ,Russia , Pistol , .22 LR,,
Baikal MP 141k,Russia , Semi,Auto Carbine , .22 LR ; .22 Magnum,
Baikal MP,Russia , Semi,Auto Shotgun,,
Baikal,Russia , Pistol , 6.35 mm/.25ACP,,
Baikal,Russia , Pistol , 9 × 18 mm,,
Bajouzutsu revolver,,,,,
Baksan PDW ,Russia , Personal Defence Weapon , 9×18mm High Impulsedumbr ,,
Ballester Molina .22 ,Argentina , Pistol , .22LR,,
Ballester Molina Pistol ,Argentina , Pistol ,, .45 ACP,
Ballester Rigaud Carbine ,Argentina ,,, 9x19mm Parabellum ; .45 ACP,
Ballester Rigaud Pistol ,Argentina , Pistol , .45 ACP,,
Bang M1922 rifle ,US , Semi,automatic Rifle , .30'06 Springfield,
Barrett M82 ,US , Semi,Auto Rifle , .50 BMG,
Barrett M82A1 ,US , Semi,Auto Rifle , .50 BMG,
Barrett M82A1A ,US , Semi,Auto Rifle , .50 BMG,
Barrett M82A1M ,US , Semi,Auto Rifle , .50 BMG,
Barrett M82A2 ,US , Semi,Auto Rifle , .50 BMG,
Barrett M82A3 ,US , Semi,Auto Rifle , .50 BMG,
Barrett Model 90 ,US , Bolt Action Rifle , .50 BMG,,
Barrett Model 95 ,US , Bolt Action Rifle , .50 BMG,,
Barrett Model 98 ,US , Semi,Auto Rifle , .338 Lapua Magnum,
Barrett Model 98B ,US , Bolt Action Rifle , .338 Lapua Magnum,,
Barrett Model 99 ,US , Bolt Action Rifle , .50 BMG,,
Barrett M107 ,US , Semi,Auto Rifle , .50 BMG,
Barrett XM109 ,US , Semi,Auto Rifle , 25 × 59 mm Grenade,
Barrett M468 ,US , Semi,Auto Rifle , 6.8 × 43 mm SPC,
Barrett REC7 ,US , Semi,Auto Rifle , 6.8 × 43 mm SPC,
BARZ ,Transnistria , Sumbachine Gun , 9 × 18 mm Makarov,,
Bataan Modelo 70 ,Argentina , Shotgun , 12 Gauge,,
Bauer Automatic ,US,Pistol,.25 ACP ,6.35 mm Browning,
BCM Europearms Barrel Block,,,,,
BCM Europearms Bench Rest,,,,,
BCM Europearms Extreme,,,,,
BCM Europearms Extreme M.A.R.R.,,,,,
BCM Europearms Extreme STD,,,,,
BCM Europearms F,Class Open,,,,
BCM Europearms F,Class TR,,,,
BCM Europearms Hunter Bench Rest,,,,,
BCM Europearms Hunter Match,,,,,
BCM Europearms Hunter Field,,,,,
BCM Europearms M.A.R.R.,,,,,
BCM Europearms SLR,,,,,
BCM Europearms TMR,,,,,
BCM Europearms USR,,,,,
Beaumont,Vital M1871/88,,,,
Beholla Pistol ,Germany , Pistol , 7.65 × 17 mm;.32 ACP,,
Belgian M1871 Trooper's Revolver ,Belgium , Revolver , 11 × 17.5 mm French Ordnance,,
Belgian M1878 Officer's Revolver ,Belgium , Revolver , 9 × 23 mmR Nagant,,
Belgian M1883 NCO's Revolver ,Belgium , Revolver , 9 × 23 mmR Nagant,,
Bendix Hyde carbine ,US , Carbine , .30 Carbine,,
Benelli B76 ,Italy , Pistol , 7.65 × 21 mm Parabellum; 9 × 18 mm Ultra;9 × 19 mm Parabellum,,
Benelli B82 ,Italy , Pistol , 7.65 × 21 mm Parabellum; 9 × 18 mm Ultra; 9 × 19 mm Parabellum,,
Benelli B82 Sport ,Italy , Pistol , 7.65 × 21 mm Parabellum,,
Benelli Centro ,Italy , Semi,Auto Shotgun,,
Benelli Córdoba ,Italy , Semi,Auto Shotgun,,
Benelli Legacy ,Italy , Semi,Auto Shotgun,,
Benelli M1 ,Italy , Semi,Auto Shotgun , 12 Gauge,
Benelli M1 Entry Gun ,Italy , Semi,Auto Shotgun , 12 Gauge,
Benelli M1 Super 90 ,Italy , Semi,Auto Shotgun , 12 Gauge,
Benelli M1 Super 90 Field ,Italy , Semi,Auto Shotgun , 12 Gauge,
Benelli M1 Tactical ,Italy , Semi,Auto Shotgun , 12 Gauge,
Benelli M3 ,Italy , Semi,Auto/Pump Action Shotgun , 12 Gauge,
Benelli M3 Super 90 ,Italy , Semi,Auto/Pump Action Shotgun , 12 Gauge,
Benelli M3T ,Italy , Semi,Auto/Pump Action Shotgun , 12 Gauge,
Benelli M4 Super 90 ,Italy , Semi,Auto Shotgun , 12 Gauge,
Benelli Montefeltro 20 ,Italy , Semi,Auto Shotgun , 20 Gauge,
Benelli Nova ,Italy , Pump Action Shotgun,,,
Benelli Raffaello ,Italy , Semi,Auto Shotgun,,
Benelli Super Black Eagle ,Italy , Semi,Auto Shotgun,,
Benelli Supernova ,Italy , Pump Action Shotgun,,,
Benelli Ultra Lite ,Italy , Semi,Auto Shotgun,,
Benelli Vinci ,Italy , Semi,Auto Shotgun,,
Berdan rifle ,US/Russia , Rifle,,,
Beretta Machine Guns,,,,,
AR70/78 ,Italy , LMG , 5.56 mm NATO,,
AR70/84 ,Italy , LMG , 5.56 mm NATO,,
AS70/90 ,Italy , LMG , 5.56 mm NATO,,
MG42/59 ,Italy , GPMG , 7.62 mm NATO: Licensed Production Rheinmetall MG1A2,,
Beretta Pistols,,,,,
M1915 ,Italy , Pistol , 7.65 × 17 mm;.32 ACP, 9 × 17 mm;.380 ACP; 9 × 19 mm Glisenti,
M1915/19 ,Italy , Pistol , 7.65 × 17 mm;.32 ACP,,
M1917 ,Italy , Pistol , 7.65 × 17 mm;.32 ACP,,
M1922 ,Italy , Pistol , 7.65 × 17 mm;.32 ACP ; 9 × 17 mm;.380 ACP,,
M1923 ,Italy , Pistol , 9 × 19 mm Glisenti,,
M1931 ,Italy , Pistol , 7.65 × 17 mm;.32 ACP,,
M1932 ,Italy , Pistol , 7.65 × 17 mm;.32 ACP & 9 × 17 mm/.380 ACP,,
M1934 ,Italy , Pistol , 7.65 × 17 mm;.32 ACP ; 9 × 17 mm;.380 ACP,,
M1935 ,Italy , Pistol , 7.65 × 17 mm;.32 ACP,,
M1938 ,Italy , Pistol , 9 × 19 mm Parabellum: Prototype,,
M1948 ,Italy , Pistol , .22 LR,,
M948B ,Italy , Pistol , .22 LR,,
M1949C Olimpionica ,Italy , Pistol , .22 Short,,
M949CC ,Italy , Pistol , .22 LR,,
M949LR Olimpionica ,Italy , Pistol , .22 LR,,
M1950 ,Italy , Pistol , 9 × 19 mm Parabellum: Prototype for M951,,
M1951 ,Italy , Pistol , 9 × 19 mm Parabellum,,
Model 104 ,Italy , Pistol , 9 × 19 mm Parabellum,,
M951,A ,Italy , Machine Pistol , 9 × 19 mm Parabellum,
M951,R ,Italy , Machine Pistol , 9 × 19 mm Parabellum,
M951,S ,Italy , Pistol , 9 × 19 mm Parabellum: Target Model,
M952 ,Italy , Pistol , 7.65 × 21 mm Parabellum,,
M952,S ,Italy , Pistol , 7.65 × 21 mm Parabellum: Target Model,
70,Italy , Pistol , .22 LR & 7.65 × 17 mm;.32 ACP,,
70S ,Italy , Pistol , .22 LR & 9 × 17 mm;.380 ACP,,
71,Italy , Pistol , .22 LR,,
72,Italy , Pistol , .22 LR,,
73,Italy , Pistol , .22 LR,,
74,Italy , Pistol , .22 LR,,
100,Italy , Pistol , 7.65 × 17 mm;.32 ACP,,
75,Italy , Pistol , .22 LR,,
76,Italy , Pistol , .22 LR,,
102,Italy , Pistol , .22 LR,,
M80 Olimpionica ,Italy , Pistol , .22 Short,,
81 Series,,,,,
81B Cheetah ,Italy , Pistol , 7.65 × 17 mm;.32 ACP,,
81FS Cheetah ,Italy , Pistol , 7.65 × 17 mm;.32 ACP,,
82B Cheetah ,Italy , Pistol , 7.65 × 17 mm;.32 ACP,,
83 Cheetah ,Italy , Pistol , 9 × 17 mm;.380 ACP,,
83F Cheetah ,Italy , Pistol , 9 × 17 mm;.380 ACP,,
83FS Cheetah ,Italy , Pistol , 9 × 17 mm;.380 ACP,,
84 Cheetah ,Italy , Pistol , 9 × 17 mm;.380 ACP,,
84B Cheetah ,Italy , Pistol , 9 × 17 mm/;.380 ACP,,
84BB Cheetah ,Italy , Pistol , 9 × 17 mm;.380 ACP,,
84F Cheetah ,Italy , Pistol , 9 × 17 mm;.380 ACP,,
84FS Cheetah ,Italy , Pistol , 9 × 17 mm;.380 ACP,,
85 Cheetah ,Italy , Pistol , 9 × 17 mm;.380 ACP,,
85B Cheetah ,Italy , Pistol , 9 × 17 mm;.380 ACP,,
85BB Cheetah ,Italy , Pistol , 9 × 17 mm;.380 ACP,,
85F Cheetah ,Italy , Pistol , 9 × 17 mm;.380 ACP,,
85FS Cheetah ,Italy , Pistol , 9 × 17 mm;.380 ACP,,
86 Cheetah ,Italy , Pistol , 9 × 17 mm;.380 ACP,,
86FS Cheetah ,Italy , Pistol , 9 × 17 mm;.380 ACP,,
87 Cheetah ,Italy , Pistol , .22 LR,,
87LB Cheetah ,Italy , Pistol , .22 LR,,
87BB Cheetah ,Italy , Pistol , .22 LR,,
87BB/LB Cheetah ,Italy , Pistol , .22 LR,,
89,Italy , Pistol , .22 LR,,
90,Italy , Pistol , 7.65 × 17 mm/.32 ACP,,
92 Series,,,,,
92,Italy , Pistol , 9 × 19 mm Parabellum,,
92 Billennium ,Italy , Pistol , 9 × 19 mm Parabellum,,
92CB ,Italy , Pistol , 9 × 19 mm Parabellum,,
92 Combat ,Italy , Pistol , 9 × 19 mm Parabellum,,
92 Stock ,Italy , Pistol , 9 × 19 mm Parabellum,,
92D ,Italy , Pistol , 9 × 19 mm Parabellum,,
92D Brigadier ,Italy , Pistol , 9 × 19 mm Parabellum,,
92D Compact L ,Italy , Pistol , 9 × 19 mm Parabellum,,
92D Vertec ,Italy , Pistol , 9 × 19 mm Parabellum,,
92DS ,Italy , Pistol , 9 × 19 mm Parabellum,,
92S ,Italy , Pistol , 9 × 19 mm Parabellum,,
92S,1,Italy , Pistol , 9 × 19 mm Parabellum,
92SB ,Italy , Pistol , 9 × 19 mm Parabellum,,
92SB Compact ,Italy , Pistol , 9 × 19 mm Parabellum,,
92SB,F ,Italy , Pistol , 9 × 19 mm Parabellum,
92F/FS ,Italy , Pistol , 9 × 19 mm Parabellum,,
M9 Pistol ,Italy/US , Pistol , 9 × 19 mm Parabellum,,
92FS Brigadier ,Italy , Pistol , 9 × 19 mm Parabellum,,
92FS Centurion ,Italy , Pistol , 9 × 19 mm Parabellum,,
92FS Compact L ,Italy , Pistol , 9 × 19 mm Parabellum,,
92FS Compact Type M ,Italy , Pistol , 9 × 19 mm Parabellum,,
92FS Competition ,Italy , Pistol , 9 × 19 mm Parabellum,,
92FS Target ,Italy , Pistol , 9 × 19 mm Parabellum,,
92FS Vertec ,Italy , Pistol , 9 × 19 mm Parabellum,,
92G ,Italy , Pistol , 9 × 19 mm Parabellum,,
92G Centurion ,Italy , Pistol , 9 × 19 mm Parabellum,,
92G Elite I ,Italy , Pistol , 9 × 19 mm Parabellum,,
92G Elite IA ,Italy , Pistol , 9 × 19 mm Parabellum,,
92G Elite II ,Italy , Pistol , 9 × 19 mm Parabellum,,
92G,SD ,Italy , Pistol , 9 × 19 mm Parabellum,
92G Vertec ,Italy , Pistol , 9 × 19 mm Parabellum,,
93R ,Italy , Machine Pistol , 9 × 19 mm Parabellum,,
96 Series,,,,,
96 Brigadier ,Italy , Pistol , .40 S&W,,
96D ,Italy , Pistol , .40 S&W,,
96DS ,Italy , Pistol , .40 S&W,,
96D Brigadier ,Italy , Pistol , .40 S&W,,
96D Vertec ,Italy , DAO Pistol , .40 S&W,,
96G ,Italy , Pistol , 9 × 19 mm Parabellum,,
96G Elite I ,Italy , Pistol , .40 S&W,,
96G Elite IA ,Italy , Pistol , .40 S&W,,
96G Elite II ,Italy , Pistol , .40 S&W,,
96G,SD ,Italy , Pistol , .40 S&W,
96G Vertec ,Italy , Pistol , .40 S&W,,
96 Special ,Italy , Pistol , .40 S&W,,
96 Vertec ,Italy , Pistol , .40 S&W,,
98 Series,,,,,
98,Italy , Pistol , 7.65 × 21 mm Parabellum,,
98SB Compact ,Italy , Pistol , 7.65 × 21 mm Parabellum,,
98FS ,Italy , Pistol , 9 × 21 mm IMI,,
98FS Brigadier ,Italy , Pistol , 9 × 21 mm IMI,,
98FS Combat ,Italy , Pistol , 9 × 21 mm IMI,,
98FS Competition ,Italy , Pistol , 9 × 21 mm IMI,,
98FS Target ,Italy , Pistol , 9 × 21 mm IMI,,
98G Elite II ,Italy , Pistol , 9 × 21 mm IMI,,
98 Billennium ,Italy , Pistol , 9 × 21 mm IMI,,
99,Italy , Pistol , 7.65 × 21 mm Parabellum,,
8000 Series,,,,,
8000F Cougar L ,Italy , Pistol , 9 × 19 mm Parabellum,,
8000D Cougar L ,Italy , Pistol , 9 × 19 mm Parabellum,,
8000F Cougar L Type P ,Italy , Pistol , 9 × 19 mm Parabellum,,
8000D Cougar L Type P ,Italy , Pistol , 9 × 19 mm Parabellum,,
8000 Cougar F ,Italy , Pistol , 9 × 19 mm Parabellum; 9 × 21 mm IMI; .41 Action Express,,
8040 Cougar F ,Italy , Pistol , .40 S&W,,
8045 Cougar F ,Italy , Pistol , .45 ACP,,
8357 Cougar F ,Italy , Pistol , .357 SIG,,
8000 Cougar D ,Italy , Pistol , 9 × 19 mm Parabellum; 9 × 21 mm IMI; .41 Action Express,,
8040 Cougar D ,Italy , Pistol , .40 S&W,,
8045 Cougar D ,Italy , Pistol , .45 ACP,,
8357 Cougar D ,Italy , Pistol , .357 SIG,,
8000 Mini Cougar F ,Italy , Pistol , 9 × 19 mm Parabellum,,
8040 Mini Cougar F ,Italy , Pistol , .40 S&W,,
8045 Mini cougar F ,Italy , Pistol , .45 ACP,,
9000 Series,,,,,
9000S Type F 9 mm ,Italy , Pistol , 9 × 19 mm Parabellum,,
9000S Type F .40 ,Italy , Pistol , .40 S&W,,
9000S Type D 9 mm ,Italy , Pistol , 9 × 19 mm Parabellum,,
9000S Type D .40 ,Italy , Pistol , .40 S&W,,
Px4,Storm ,Italy , Pistol , 9× 19 mm Parabellum; 9 × 21 mm IMI; .40 S&W; .45 ACP,
U22 NEOS ,Italy , Pistol , .22 LR,,
Beretta Mini Pistols,,,,,
Beretta 20 Bobcat ,Italy/US , Pistol , 6.35 mm;.25ACP,,
Beretta 21 Bobcat ,Italy/US , Pistol , .22 LR ; 6.35 mm;.25ACP,,
21A Bobcat ,Italy/US , Pistol , .22 LR ; 6.35 mm;.25ACP,,
950 Jetfire ,Italy , Pistol , .22 Short ; 6.35 mm;.25ACP,,
950B Jetfire ,Italy , Pistol , .22 Short ; 6.35 mm;.25ACP,,
950BS Jetfire ,Italy/US , Pistol , .22 Short ; 6.35 mm;.25ACP,,
3032 Tomcat ,Italy/US , Pistol , 7.65 × 17 mm;.32 ACP,,
M1919 ,Italy , Pistol , 6.35 mm;.25 ACP: Prototype,,
M1920 ,Italy , Pistol , 6.35 mm;.25 ACP,,
M1926 ,Italy , Pistol , 6.35 mm;.25 ACP,,
18,Italy/US , Pistol , 6.35 mm;.25ACP,,
19,Italy/US , Pistol , 6.35 mm;.25ACP,,
20,Italy/US , Pistol , 6.35 mm;.25ACP,,
21,Italy/US , Pistol , 6.35 mm;.25ACP,,
M1934 Pocket ,Italy , Pistol , 6.35 mm;.25 ACP,,
M318 ,Italy , Pistol , 6.35 mm;.25 ACP,,
M319 ,Italy , Pistol , 6.35 mm;.25 ACP,,
M320 ,Italy , Pistol , 6.35 mm;.25 ACP,,
M321 ,Italy , Pistol , 6.35 mm;.25 ACP,,
M418 ,Italy , Pistol , 6.35 mm;.25 ACP,,
M419 ,Italy , Pistol , 6.35 mm;.25 ACP,,
M420 ,Italy , Pistol , 6.35 mm;.25 ACP,,
M421 ,Italy , Pistol , 6.35 mm;.25 ACP,,
Beretta Revolvers,,,,,
Model 1 ,Italy , Revolver , 9 × 19 mm Parabellum; .357 Magnum,,
PR,71,Italy/Brazil , Revolver , .22 LR ; .38 Special,
Stampede ,Italy , Revolver , .45 Colt,,
Tenax ,Italy/Brazil , Revolver , .22 LR; .32; .38 Special,,
Beretta Rifles,,,,,
AR70 ,Italy , Assault Rifle , 5.56 mm NATO,,
AR70 Sport ,Italy , Semi,Auto Rifle , .222 Remington ; 5.56 mm NATO: Civilian AR70,
SC70 ,Italy , Assault Rifle , 5.56 mm NATO,,
SCS70 ,Italy , Compact Assault Rifle , 5.56 mm NATO,,
AR70/90 ,Italy , Assault Rifle , 5.56 mm NATO,,
SC70/90 ,Italy , Assault Rifle , 5.56 mm NATO,,
SCP70/90 ,Italy , Compact Assault Rifle , 5.56 mm NATO,,
SCS70/90 ,Italy , Compact Assault Rifle , 5.56 mm NATO,,
Beretta ARX,160,Italy , Assault Rifle , 5.56 mm NATO,
BM58 ,Italy , Battle Rifle , 7.62 mm NATO: Prototype,,
BM59 ,Italy , Battle Rifle , 7.62 mm NATO,,
BM59D ,Italy , Battle Rifle , 7.62 mm NATO,,
BM59GL ,Italy , Battle Rifle , 7.62 mm NATO,,
BM59 Mark I ,Italy , Battle Rifle , 7.62 mm NATO,,
BM59 Mark II ,Italy , Battle Rifle , 7.62 mm NATO,,
BM59 Mark III ,Italy , Battle Rifle , 7.62 mm NATO,,
BM59 Mark IV ,Italy , Battle Rifle , 7.62 mm NATO,,
BM59 Mark E ,Italy , Battle Rifle , 7.62 mm NATO,,
BM59 Mark Ital ,Italy , Battle Rifle , 7.62 mm NATO,,
BM59 Mark Ital,A ,Italy , Battle Rifle , 7.62 mm NATO,
BM59 Mark Ital Para ,Italy , Battle Rifle , 7.62 mm NATO,,
BM59 Mark Ital TA ,Italy , Battle Rifle , 7.62 mm NATO,,
BM59R ,Italy , Battle Rifle , 7.62 mm NATO,,
BM59SL ,Italy , Semi,Auto Rifle , 7.62 mm NATO: Civilian BM59,
BM62 ,Italy , Semi,Auto Rifle , 7.62 mm NATO: Civilian BM59,
BM60CB ,Italy , Battle Rifle , 7.62 mm NATO: BM59 w/ 3rd Burst,,
Concari ,Italy , Single Shot Rifle,,,
Cx4 Storm ,Italy , Semi,Auto Carbine , 9 × 19 mm Parabellum; .40 S&W;.45 ACP,
M1 ,Italy , Semi,Auto Rifle , 7.62 mm NATO ; .30'06: Licensed Production of M1 Garand,
M1LS ,Italy , Semi,Auto Rifle , 7.62 mm NATO ;.30'06: Shortened M1 Garand,
Beretta M.781,,,,,
Model 18/30 ,Italy , Semi,Auto Carbine , 9 × 19 mm Glisenti,
Model 31 ,Italy , Semi,Auto Rifle , 6.5 × 52 mm Carcano,
Model 37 ,Italy , Semi,Auto Rifle , 7.35 × 51 mm Carcano,
Model 58 ,Italy , Carbine , .30 Carbine,,
Model 455 ,Italy , SxS Express Rifle , .375 Holland & Holland Magnum; .416 Rigby; .458 Winchester Magnum; .470 Nitro Express; .500 Nitro Express,,
Model 500 ,Italy , Bolt Action Rifle , .222 Remington ; .223 Remington,,
Model 501 ,Italy , Bolt Action Rifle , .243 Winchester ;.308 Winchester,,
Model 501 Sniper ,Italy , Bolt Action Rifle , 7.62 mm NATO,,
Model 502 ,Italy , Bolt Action Rifle , .270 Winchester; 7 mm Remington Magnum; .30,'06; .300 Winchester Magnum; .375 Holland & Holland Magnum,
Model 1953 Tahrir ,Italy , Semi,Auto Rifle , .22 LR: Egyptian Training Rifle,
Mato ,Italy , Bolt Action Rifle , .270 Winchester;.280 Remington; 7 mm Remington Magnum; .30,'06; .300 Winchester Magnum; .338 Winchester Magnum; .375 Holland & Holland Magnum,
Beretta P,30,,,,
Rx4 Storm ,Italy , Semi,Auto , .223 Remington,
S689 ,Italy , O/U Express Rifle ,0.3,'06; 9.3 × 74 mmR; .444 Marlin; 20 Gauge,
Sport ,Italy , Semi,Auto Rifle , .22 LR,
Olympia ,Italy , Semi,Auto Rifle , .22 LR,
Olympia X ,Italy , Semi,Auto Rifle , .22 LR,
Super Sport X ,Italy , Semi,Auto Rifle , .22 LR,
SS06 ,Italy , O/U Express Rifle , 9.3 × 74 mmR; .375 Holland & Holland Magnum; .458 Winchester Magnum,,
Super Olimpia ,Italy , Bolt Action Rifle , .22 LR,,
Unione ,Italy , Bolt Action Rifle , .22 LR,,
Beretta Shotguns,,,,,
A300 ,Italy , Semi,Auto Shotgun , 12 Gauge,
A301 ,Italy , Semi,Auto Shotgun , 20 Gauge ; 12 Gauge,
A302 ,Italy , Semi,Auto Shotgun , 20 Gauge ; 12 Gauge,
A303 ,Italy , Semi,Auto Shotgun , 20 Gauge ; 12 Gauge,
A304 ,Italy , Semi,Auto Shotgun , 12 Gauge,
A390 ,Italy , Semi,Auto Shotgun , 12 Gauge,
AL390 ,Italy , Semi,Auto Shotgun , 20 Gauge ; 12 Gauge,
AL391 ,Italy, Semi,Auto Shotgun , 20 Gauge ;12 Gauge,
A391 Xtrema 2 ,Italy, Semi,Auto Shotgun , 12 Gauge,
ASE ,Italy , O/U Shotgun,,,
ASEL ,Italy , O/U Shotgun,,,
DT10 ,Italy , O/U Shotgun , 12 Gauge,,
M3P ,Italy , Semi,Auto/Pump Action Shotgun , 12 Gauge,
Model 1 ,Italy , SxS Shotgun , 28 Gauge; 24 Gauge; 20 Gauge; 16 Gauge; 12 Gauge,,
Model 3 ,Italy , SxS Shotgun , 28 Gauge; 24 Gauge; 20 Gauge; 16 Gauge; 12 Gauge,,
Model 4 ,Italy , SxS Shotgun , 24 Gauge; 20 Gauge; 16 Gauge;12 Gauge,,
Model 5 ,Italy , SxS Shotgun,,,
Model 6 ,Italy , SxS Shotgun , 28 Gauge; 24 Gauge; 20 Gauge; 16 Gauge; 12 Gauge,,
Model 7 ,Italy , SxS Shotgun,,,
Model 9 ,Italy , SxS Shotgun , 24 Gauge; 20 Gauge; 16 Gauge; 12 Gauge,,
Model 10 ,Italy , SxS Shotgun , 16 Gauge;12 Gauge,,
Model 11 ,Italy , O/U Shotgun,,,
Model 12 ,Italy , Single Shot Shotgun , 28 Gauge; 24 Gauge; 20 Gauge; 16 Gauge;12 Gauge,,
Model 13 ,Italy , Single Shot Shotgun,,,
PB ,Italy , SxS Shotgun,,,
RS151 ,Italy , Pump Action Shotgun , 12 Gauge,,
RS200 ,Italy , Pump Action Shotgun , 12 Gauge,,
RS200,P ,Italy , Pump Action Shotgun , 12 Gauge,
RS202 ,Italy , Pump Action Shotgun , 12 Gauge,,
RS202,M1 ,Italy , Pump Action Shotgun , 12 Gauge,
RS202,M2 ,Italy , Pump Action Shotgun , 12 Gauge,
RS202,P ,Italy , Pump Action Shotgun , 12 Gauge,
Silver Pigeon ,Italy , O/U Shotgun , .410 Bore; 28 Gauge; 20 Gauge;12 Gauge,,
S1 ,Italy , O/U Shotgun,,,
S2 ,Italy , O/U Shotgun,,,
S3 ,Italy , O/U Shotgun,,,
S55 ,Italy , O/U Shotgun , 20 Gauge ; 12 Gauge,,
S56 ,Italy , O/U Shotgun , 20 Gauge ; 12 Gauge,,
S57 ,Italy , O/U Shotgun , 20 Gauge ; 12 Gauge,,
S58 ,Italy , O/U Shotgun , 12 Gauge,,
SO ,Italy , O/U Shotgun,,,
SO1 ,Italy , O/U Shotgun , 12 Gauge,,
SO2 ,Italy , O/U Shotgun , 12 Gauge,,
SO3 ,Italy , O/U Shotgun , 20 Gauge; 12 Gauge,,
SO4 ,Italy , O/U Shotgun , 12 Gauge,,
SO5 ,Italy , O/U Shotgun , 12 Gauge,,
SO6 ,Italy , O/U Shotgun , 12 Gauge,,
SO9 ,Italy , O/U Shotgun , .410 Bore; 28 Gauge; 20 Gauge; 16 Gauge; 12 Gauge,,
Vandalia ,Italy , Single Shot Shotgun , 12 Gauge,,
12,Italy , Single Shot Shotgun,,,
13,Italy , Single Shot Shotgun,,,
22,Italy , Shotgun,,,
60,Italy , Semi,Auto Shotgun , 12 Gauge,
61,Italy , Semi,Auto Shotgun , 12 Gauge,
90,Italy , Single Shot Shotgun,,,
101,Italy , SxS Shotgun , 36 Gauge; 32 Gauge; 28 Gauge; 24 Gauge; 20 Gauge; 16 Gauge; 12 Gauge,,
103,Italy , SxS Shotgun,,,
104,Italy , SxS Shotgun , 28 Gauge; 24 Gauge; 20 Gauge; 16 Gauge;12 Gauge,,
105,Italy , SxS Shotgun , 24 Gauge; 20 Gauge; 16 Gauge; 12 Gauge,,
151,Italy , Pump Action Shotgun,,,
211,Italy , SxS Shotgun,,,
305,Italy , SxS Shotgun,,,
309,Italy , SxS Shotgun,,,
311,Italy , SxS Shotgun, 24 Gauge; 20 Gauge; 16 Gauge; 12 Gauge,,
312,Italy , Single Shot Shotgun,,,
313,Italy , Single Shot Shotgun,,,
350,Italy , SxS Shotgun , 12 Gauge,,
401,Italy , SxS Shotgun , 28 Gauge; 24 Gauge; 20 Gauge; 16 Gauge;12 Gauge,,
402,Italy , SxS Shotgun,,,
403,Italy , SxS Shotgun , 32 Gauge; 28 Gauge; 24 Gauge; 20 Gauge; 16 Gauge; 12 Gauge,,
404,Italy , SxS Shotgun , 16 Gauge;12 Gauge,,
405,Italy , SxS Shotgun,,,
409,Italy , SxS Shotgun , 20 Gauge,,
410,Italy , SxS Shotgun , 28 Gauge; 24 Gauge; 20 Gauge; 16 Gauge; 12 Gauge,,
411,Italy , SxS Shotgun , 20 Gauge; 16 Gauge; 12 Gauge,,
412,Italy , Single Shot Shotgun,,,
413,Italy , Single Shot Shotgun,,,
414,Italy , Single Shot Shotgun , 9 mm Long Shot Rimfire,,
424,Italy , SxS Shotgun , 20 Gauge; 16 Gauge; 12 Gauge,,
425,Italy , SxS Shotgun , 12 Gauge,,
426,Italy , SxS Shotgun,,,
427,Italy , SxS Shotgun,,,
450,Italy , SxS Shotgun , 12 Gauge,,
451,Italy , SxS Shotgun , 12 Gauge,,
452,Italy , SxS Shotgun,,,
470,Italy , SxS Shotgun , 20 Gauge; 12 Gauge,,
625,Italy , SxS Shotgun,,,
626,Italy , SxS Shotgun,,,
627,Italy , SxS Shotgun,,,
680,Italy , O/U Shotgun , 12 Gauge,,
682,Italy , O/U Shotgun , 12 Gauge,,
686,Italy , O/U Shotgun , 28 Gauge; 20 Gauge; 12 Gauge,,
687,Italy , O/U Shotgun , .410 Bore; 28 Gauge; 20 Gauge; 12 Gauge,,
922,Italy , SxS Shotgun,,,
930,Italy , Single Shot Shotgun , 10 Gauge,,
1009,Italy , SxS Shotgun,,,
1010,Italy , SxS Shotgun , 24 Gauge; 20 Gauge; 16 Gauge;12 Gauge,,
1011,Italy , SxS Shotgun,,,
1012,Italy , Single Shot Shotgun,,,
1013,Italy , Single Shot Shotgun,,,
1050,Italy , SxS Shotgun,,,
1200,Italy , Semi,Auto Shotgun , 12 Gauge,
1200F ,Italy , Semi,Auto Shotgun , 12 Gauge,
1200FP ,Italy , Semi,Auto Shotgun , 12 Gauge,
1201,Italy , Semi,Auto Shotgun , 12 Gauge,
1200F ,Italy , Semi,Auto Shotgun , 12 Gauge,
1201FP3 ,Italy , Semi,Auto Shotgun , 12 Gauge,
1409,Italy , SxS Shotgun,,,
1930,Italy , SxS Shotgun , 24 Gauge; 20 Gauge; 16 Gauge; 12 Gauge,,
Beretta SMG,,,,,
M18 ,Italy , SMG , 9 × 19 mm Glisenti,,
M38 ,Italy , SMG , 9 × 19 mm Parabellum,,
M38A ,Italy , SMG , 9 × 19 mm Parabellum,,
MAB ,Italy , SMG , 9 × 19 mm Parabellum,,
M38/42 ,Italy , SMG , 9 × 19 mm Parabellum,,
M38/43 ,Italy , SMG , 9 × 19 mm Parabellum,,
M38/44 ,Italy , SMG , 9 × 19 mm Parabellum,,
M38/49 ,Italy , SMG , 9 × 19 mm Parabellum,,
Model 2 ,Italy , SMG , 9 × 19 mm Parabellum,,
Model 4 ,Italy , SMG , 9 × 19 mm Parabellum,,
Beretta Model 5 ,Italy , SMG , 9 × 19 mm Parabellum,,
Model 1 ,Italy , SMG , 9 × 19 mm Parabellum,,
Model 3 ,Italy , SMG , 9 × 19 mm Parabellum,,
Model 6 ,Italy , SMG , 9 × 19 mm Parabellum: Prototype,,
Model 7 ,Italy , SMG , 9 × 19 mm Parabellum: Prototype,,
Model 8 ,Italy , SMG , 9 × 19 mm Parabellum: Prototype,,
Model 9 ,Italy , SMG , 9 × 19 mm Parabellum: Prototype,,
Model 10 ,Italy , SMG , 9 × 19 mm Parabellum: Prototype,,
Model 11 ,Italy , SMG , 9 × 19 mm Parabellum: Prototype,,
Model 12 ,Italy , SMG , 9 × 19 mm Parabellum,,
PM12S ,Italy , SMG , 9 × 19 mm Parabellum,,
PM12S2 ,Italy , SMG , 9 × 19 mm Parabellum,,
Beretta 1S ,Italy , Flare Pistol ," 1""",,
Beretta P,30 M.781 ,Italy , Carbine , ,
Bergmann MP18 ,Germany , SMG , 9 × 19 mm Parabellum,,
Bergmann MP28 ,Germany , SMG , 9 × 19 mm Parabellum,,
Bergman Number 5 ,Germany , Pistol,,,
Bergmann 1896 ,Germany , Pistol,,,
Bergmann Simplex ,Germany , Pistol,,,
Bergmann,Bayard model 1910 ,Germany , Pistol , 9 × 23 mm Bergmann;Bayard/9 mm Largo,
Bergmann,Bayard .45 ,Germany , Pistol , .45 ACP,
Bergom BSM9,M1 ,Brazil , SMG , 9 × 19 mm Parabellum; .45 ACP,
Bernardelli 69 ,Italy , Pistol , .22 LR,,
Bernardelli B4 ,Italy , Semi,Auto/Pump Action Shotgun , 12 Gauge,
Bernardelli B4/B ,Italy , Pump Action Shotgun , 12 Gauge,,
Bernardelli Mod. USA ,Italy , Pistol , .22 LR; 7.65 × 17 mm;.32 ACP; 9 × 17 mm;.380 ACP,,
Bernardelli P One ,Italy , Pistol,,,
Bernardelli PO,18,Italy , Pistol , 9 × 19 mm Parabellum,
Bernardelli P0,18 Compact ,Italy , Pistol , 9 × 19 mm Parabellum,
Bernardelli P6 ,Italy , Pistol , .22 LR; 7.65 × 17 mm;.32 ACP; 9 × 17 mm;.380 ACP,,
Bernardelli P8 ,Italy , Pistol , .22 LR; 7.65 × 17 mm;.32 ACP;9 × 17 mm;.380 ACP,,
Bernardelli PS 023 ,Italy , Signal Pistol , 37 mm,,
Bernardelli VB,SR ,Italy , Assault Rifle , 5.56 mm NATO,
Bersa 83 ,Argentina , Pistol , 9 × 17 mm;.380 ACP,,
Bersa 95 ,Argentina , Pistol , 9 × 17 mm;.380 ACP,,
Bersa Mini,Thunder 9 ,Argentina , Pistol , 9 × 19 mm Parabellum,
Bersa Mini,Thunder 40 ,Argentina , Pistol , .40 S&W,
Bersa Thunder 9 ,Argentina , Pistol , 9 × 19 mm Parabellum,,
Bersa Thunder 22 ,Argentina , Pistol , .22 LR,,
Bersa Thunder 32 ,Argentina , Pistol , 7.65 × 17 mm;.32 ACP,,
Bersa Thunder 40 ,Argentina , Pistol , .40 S&W,,
Bersa Thunder 45 ,Argentina , Pistol , .45 ACP,,
Bersa Thunder 380 ,Argentina , Pistol , 9 × 17 mm;.380 ACP,,
Berthier 1890 ,France , Bolt Action,,,
Berthier MLE 1916 ,France , Bolt Action,,,
Beryl wz.96 ,Poland , Assault Rifle , 5.56 mm NATO,,
BFG 50 ,US , Bolt Action Rifle , .50 BMG,,
Bingham AK 22 ,US , Rifle , .22 LR,,
Bizon,,,,,
Bizon 2 ,Russia , SMG , 9 × 18 mm Makarov,,
Bizon 2,1,Russia , SMG , 9 × 19 mm Parabellum,
Bizon 2,2,Russia , SMG , 9 × 17 mm;.380 ACP,
Bizon 2,3,Russia , SMG , 9 × 18 mm Makarov,
Bizon 2,4,Russia , Semi,Auto Carbine , 9 × 18 mm Makarov
Bizon 2,5,Russia , Semi,Auto Carbine , 9 × 19 mm Parabellum
Bizon 2,6,Russia , Semi,Auto Carbine , 9 × 17 mm;.380 ACP
Bizon 2,7,Russia , SMG , 7.62 × 25 mm,
Bizon 3 ,Russia , SMG , 9 × 18 mm Makarov,,
Blackmore machine gun,,,,,
Blanch four,barreled pistol ,UK,,,
Blaser 93 Tactical ,Germany , Bolt Action Rifle , 7.62 × 51 mm,,
Blunderbuss,,,,,
Bofors AGR ,Sweden , Pump,Action Grenade Launcher , 40 mm Medium Velocity Grenade,
Booth pocket percussion pistol ,UK,,,,
Bor ,Poland , Sniper rifle , 7.62×51mm NATO,,
Borchardt C,93,Germany , Pistol,,
BORZ ,Transnistria , Submachine Gun , 9 × 18 mm Makarov,,
Boys Anti,Tank Rifle ,UK , Bolt Acton Rifle , .55 Boys,
BR55 Battle Rifle,,,,,
Breda,,,,,
Breda M1935 PG Rifle ,Costa Rica , Automatic Rifle , 6.5 × 52 mm Carcano,,
Breda Modello 30 machine gun ,Italy , LMG,,,
Breda Modello 37 machine gun ,Italy , HMG,,,
Bren LMG,,,,,
Bren Mk I ,UK , LMG , .303 British,,
Bren Mk II ,UK , LMG , .303 British,,
Bren Mk III ,UK , LMG , .303 British,,
Bren Mk IV ,UK , LMG , .303 British,,
Bren Ten ,US , Pistol , 10 mm Auto ; .45 ACP,,
Britarms Model 2000 ,UK , Pistol , .22 LR,,
Brown Bess ,UK , Rifle,,,
Brown Tactical Elite ,US , Bolt Acton Rifle,,,
Browning Machine Guns,,,,,
Browning M2 ,US/Belgium , HMG , .50 BMG,,
Browning M1917 ,US , HMG ,0.3,'06,
Browning M1917A1 ,US , HMG ,0.3,'06,
Browning M1918 BAR ,US , LMG ,0.3,'06,
Browning M1918A1 BAR ,US , LMG ,0.3,'06,
Browning M1918A2 BAR ,US , LMG ,0.3,'06,
Browning M1922 BAR ,US , LMG ,0.3,'06,
Browning wz.1928 ,Poland , LMG , 7.92 × 57 mm Mauser: Licensed Production,,
Browning M1919A4 ,US , MMG ,0.3,'06,
Browning M1919A6 ,US , LMG ,0.3,'06,
Browning M1921 ,US , HMG , .50 BMG,,
Browning Pistols,,,,,
Browning Baby ,Belgium , Pistol , 6.35 mm/.25 ACP,,
Browning BDA.9 ,Switzerland/Germany , Pistol , 9 × 19 mm Parabellum: SIG,Sauer P220,
Browning BDA.38 ,Switzerland/Germany , Pistol , .38 Super: SIG,Sauer P220,
Browning BDA.45 ,Switzerland/Germany , Pistol , .45 ACP: SIG,Sauer P220,
Browning BDA.380 ,Belgium/Italy , Pistol , 9 × 17 mm/.380 ACP: Beretta Model 84 Variant,,
Browning BDM ,US , Pistol , 9 × 19 mm Parabellum,,
Browning Buck Mark ,US , Pistol , .22 LR,,
Browning Challenger ,Belgium , Pistol , .22 LR,,
Browning Forty Nine ,US , DAO Pistol , 9 × 19 mm Parabellum ; .40 S&W,,
Browning Hi,Power ,Belgium , Pistol , 9 × 19 mm Parabellum,
Browning Hi,Power Mk.II ,Belgium , Pistol , 9 × 19 mm Parabellum,
Browning Hi,Power Mk.III ,Belgium , Pistol , 9 × 19 mm Parabellum ; .40 S&W,
Browning HP,DA/HP,DAO ,Belgium , Pistol , 9 × 19 mm Parabellum
Browning Medalist ,Belgium , Pistol , .22 LR,,
Browning Rifles,,,,,
Browning A,Bolt ,Japan , Bolt Acton Rifle,,
Browning BAR ,Sporting ,Belgium/Japan , Semi,Auto Rifle,
Browning BLR ,Lever Action Rifle,,,,
Browning M71 ,Japan , Lever Action Rifle,,,
Browning Shotguns,,,,,
Browning Citori ,Japan , O/U Shotgun , .410 Bore; 28 Gauge; 20 Gauge; 16 Gauge; 12 Gauge,,
Browning Superposed ,US , O/U Shotgun , .410 Bore; 28 Gauge; 20 Gauge; 16 Gauge; 12 Gauge,,
BRS,99,Poland , Semi,Auto Carbine,
Brügger & Thomet MP5 ,Swiss , SMG , 9 × 19 mm Parabellum: Enhanced Custom MP5,,
BS,1 30 mm ,Russia , Grenade Launcher , 30 mm Grenade,
BSA,,,,,
BSA Welgun ,UK , SMG , 9 × 19mm Parabellum,,
BSA Experimental Model 1 ,UK , SMG , 9 × 19mm Parabellum,,
Companhia de Explosivos de Valparaiba,,,,,
BSM/9 M1 ,Brazil , SMG , 9 × 19mm Parabellum,,
BSM/9 M2 ,Brazil , SMG , 9 × 19mm Parabellum,,
BSM/9 M3 ,Brazil , SMG , 9 × 19mm Parabellum,,
BSW Modell 1 ,Germany , Anti Tank Rifle , 15mm,,
BT,96,Swiss , Semi,Auto Carbine , 9 × 19 mm Parabellum: MP5 clone
BT MP9 ,Swiss , SMG , 9 × 19 mm Parabellum: Licensed Production Steyr TMP,,
BTS,203,Thailand , Grenade Launcher , 40mm,
Buenos Aires Halcón,,,,,
Halcon M,1943,Argentina , Submachine Gun , 9 × 19 mm Parabellum ; .45 ACP,
Halcon M,1946,Argentina , Submachine Gun , 9 × 19 mm Parabellum ; .45 ACP,
Halcon M57 ,Argentina , Submachine Gun , 9 × 19 mm Parabellum ; .45 ACP,,
Halcon M60 ,Argentina , Submachine Gun , 9 × 19 mm Parabellum ; .45 ACP,,
Halcon ML,57,Argentina , Submachine Gun , ,
Halcon ML,63,Argentina , Submachine Gun , 9 × 19 mm Parabellum,
Bul M,5,Israel , Pistol,,
Bul Cherokee ,Israel , Pistol,,,
Bul Storm ,Israel , Pistol,,,
Bulgarian SLR,95,Bulgaria,,,
Burnside carbine,,,,,
Burton Model 1918 ,US , Machine Gun , ,,
Bushmaster ACR ,AKA Magpul Masada Bushmaster ACR , Adaptive Combat Rifle unmod version fires 5.56 × 45mm,,,
Bushmaster Arm Pistol ,US , Pistol , 5.56 mm NATO,,
Bushmaster M4 Type Carbine ,US , Assault Rifle / Semi,Auto Rifle , 5.56 mm NATO,
Bushmaster M17S ,US , Semi,Auto Rifle , 5.56 mm NATO: Bullpup,
Bushmaster DCM ,US , Semi,Auto Rifle , 5.56 mm NATO,
Bushmaster V Match 16 ,US , Semi,Auto Rifle , 5.56 mm NATO,
Bushmaster V match 20 ,US , Semi,Auto Rifle , 5.56 mm NATO,
Bushmaster XM15 E2S ,US , Semi,Auto Rifle , 5.56 mm NATO,
BUTT,MASTER Pen Gun ,US , Pistol , .22 LR,
BXP ,South Africa , SMG , 9 × 19 mm Parabellum,,
